Week,gmv,Discount%,deliverybdays,deliverycdays,sla,product_procurement_sla,is_cod,is_mass_market,product_vertical_cameraaccessory,product_vertical_camerabag,product_vertical_camerabattery,product_vertical_camerabatterycharger,product_vertical_camerabatterygrip,product_vertical_cameraeyecup,product_vertical_camerafilmrolls,product_vertical_camerahousing,product_vertical_cameraledlight,product_vertical_cameramicrophone,product_vertical_cameramount,product_vertical_cameraremotecontrol,product_vertical_cameratripod,product_vertical_extensiontube,product_vertical_filter,product_vertical_flash,product_vertical_flashshoeadapter,product_vertical_lens,product_vertical_reflectorumbrella,product_vertical_softbox,product_vertical_strap,product_vertical_teleconverter,product_vertical_telescope,payday_week,holiday_week,Total Investment,Total Investment_SMA_3,Total Investment_SMA_5,Total Investment_EMA_8,Total_Investment_Ad_Stock,TV,TV_SMA_3,TV_SMA_5,TV_EMA_8,TV_Ad_Stock,Digital,Digital_SMA_3,Digital_SMA_5,Digital_EMA_8,Digital_Ad_Stock,Sponsorship,Sponsorship_SMA_3,Sponsorship_SMA_5,Sponsorship_EMA_8,Sponsorship_Ad_Stock,Content Marketing,Content Marketing_SMA_3,Content Marketing_SMA_5,Content Marketing_EMA_8,Content_Marketing_Ad_Stock,Online marketing,Online marketing_SMA_3,Online marketing_SMA_5,Online marketing_EMA_8,Online_marketing_Ad_Stock,Affiliates,Affiliates_SMA_3,Affiliates_SMA_5,Affiliates_EMA_8,Affiliates_Ad_Stock,SEM,SEM_SMA_3,SEM_SMA_5,SEM_EMA_8,SEM_Ad_Stock,Radio,Radio_SMA_3,Radio_SMA_5,Radio_EMA_8,Radio_Ad_Stock,Other,Other_SMA_3,Other_SMA_5,Other_EMA_8,Other_Ad_Stock,NPS,NPS_SMA_3,NPS_SMA_5,Stock Index,Stock Index_SMA_3,Stock Index_SMA_5,Max Temp,Min Temp,Mean Temp,Heat Deg Days,Cool Deg Days,Total Rain (mm),Total Snow (cm),Total Precip (mm),Snow on Grnd (cm),Sale
28,3975505.0,43.97108202443286,0.0,0.0,6.959162303664922,2.7808027923211167,0.6663176265270506,0.8897033158813263,46,333.0,690.0,223.0,18,0,0,0,0,0,4,141.0,435.0,0,220.0,26.0,0,489.0,0,0,13,0,16,0,0,4.265,0.0,0.0,4.265,4.265,0.054,0.0,0.0,0.054,0.054,0.633,0.0,0.0,0.633,0.633,1.854,0.0,0.0,1.854,1.854,0.0,0.0,0.0,0.0,0.0,0.332,0.0,0.0,0.332,0.332,0.137,0.0,0.0,0.137,0.137,1.256,0.0,0.0,1.256,1.256,0.0,0.0,0.0,0.0,0.0,0.0,0.0,0.0,0.0,0.0,54.599588092376216,0.0,0.0,1177.0,0.0,0.0,28.0,12.5,20.099999999999998,0.2833333333333333,2.3833333333333333,4.416666666666667,0.0,4.416666666666667,0.0,0
29,4390316.0,44.334866796621114,0.0,0.0,6.395061728395062,2.8128654970760234,0.6604938271604939,0.8866146848602989,36,356.0,752.0,225.0,9,0,0,0,0,0,11,142.0,495.0,0,186.0,27.0,0,526.0,0,0,24,0,22,1,0,4.265,0.0,0.0,4.265,6.824,0.054,0.0,0.0,0.054,0.0864,0.633,0.0,0.0,0.633,1.0128,1.854,0.0,0.0,1.854,2.9664,0.0,0.0,0.0,0.0,0.0,0.332,0.0,0.0,0.332,0.5312,0.137,0.0,0.0,0.137,0.2192,1.256,0.0,0.0,1.256,2.0096,0.0,0.0,0.0,0.0,0.0,0.0,0.0,0.0,0.0,0.0,54.599588092376216,0.0,0.0,1177.0,0.0,0.0,33.0,11.0,23.183333333333334,0.0,5.183333333333334,1.4000000000000001,0.0,1.4000000000000001,0.0,2
30,4368719.0,43.6081005586592,0.0026289845547157412,0.0052579691094314825,6.414393690437069,2.8659217877094973,0.674663161353927,0.8889254025632599,48,295.0,773.0,267.0,12,0,0,0,0,0,7,108.0,465.0,0,186.0,31.0,0,573.0,0,0,23,0,30,0,0,4.265,4.265,0.0,4.265,8.359399999999999,0.054,0.054,0.0,0.054,0.10584,0.633,0.633,0.0,0.633,1.2406799999999998,1.854,1.854,0.0,1.854,3.63384,0.0,0.0,0.0,0.0,0.0,0.332,0.332,0.0,0.332,0.65072,0.137,0.137,0.0,0.137,0.26852,1.256,1.256,0.0,1.256,2.46176,0.0,0.0,0.0,0.0,0.0,0.0,0.0,0.0,0.0,0.0,54.599588092376216,54.599588092376216,0.0,1177.0,1177.0,0.0,31.5,14.5,23.06,0.0,5.0600000000000005,1.08,0.0,1.08,0.0,0
31,2790458.0,42.9996127110229,0.0,0.0,6.37090367428004,2.823237338629593,0.6981132075471698,0.8887785501489573,45,185.0,484.0,180.0,11,0,0,0,0,0,2,84.0,360.0,1,109.0,28.0,0,331.0,0,0,23,0,13,1,0,4.265,4.265,0.0,4.265,9.280639999999998,0.054,0.054,0.0,0.054,0.117504,0.633,0.633,0.0,0.633,1.377408,1.854,1.854,0.0,1.854,4.034304000000001,0.0,0.0,0.0,0.0,0.0,0.332,0.332,0.0,0.332,0.722432,0.137,0.137,0.0,0.137,0.298112,1.256,1.256,0.0,1.256,2.733056,0.0,0.0,0.0,0.0,0.0,0.0,0.0,0.0,0.0,0.0,54.599588092376216,54.599588092376216,0.0,1177.0,1177.0,0.0,33.5,16.0,24.566666666666666,0.0,6.566666666666666,4.633333333333334,0.0,4.633333333333334,0.0,0
32,2198.0,12.9475,0.0,0.0,9.0,4.0,0.25,1.0,0,0.0,3.0,0.0,0,0,0,0,0,0,0,0.0,1.0,0,0.0,0.0,0,0.0,0,0,0,0,0,0,0,1.013,3.1809999999999996,3.6146000000000003,3.542333333333333,6.581383999999999,0.001,0.036333333333333336,0.0434,0.042222222222222223,0.0715024,0.256,0.5073333333333333,0.5576000000000001,0.5492222222222223,1.0824448,0.213,1.3070000000000002,1.5258,1.4893333333333334,2.6335824000000003,0.0,0.0,0.0,0.0,0.0,0.026,0.23,0.27080000000000004,0.264,0.4594592,0.015,0.09633333333333334,0.1126,0.1098888888888889,0.19386719999999996,0.503,1.0050000000000001,1.1054,1.0886666666666667,2.1428336,0.0,0.0,0.0,0.0,0.0,0.0,0.0,0.0,0.0,0.0,59.987101024,56.39542573625081,55.67709067870097,1206.0,1186.6666666666667,1182.8,28.5,15.0,21.65,0.0,3.65,0.35,0.0,0.35,0.0,0
33,299.0,84.97,0.0,0.0,6.0,1.0,1.0,1.0,0,0.0,0.0,0.0,0,0,0,0,0,0,0,0.0,1.0,0,0.0,0.0,0,0.0,0,0,0,0,0,1,0,1.013,2.097,2.9641999999999995,2.980259259259259,4.961830399999999,0.001,0.018666666666666668,0.0328,0.03306172839506173,0.04390143999999999,0.256,0.38166666666666665,0.4822,0.4840617283950618,0.90546688,0.213,0.7600000000000001,1.1976,1.2057037037037037,1.7931494400000003,0.0,0.0,0.0,0.0,0.0,0.026,0.128,0.2096,0.2111111111111111,0.30167552000000003,0.015,0.05566666666666667,0.08820000000000001,0.08880246913580248,0.13132032,0.503,0.754,0.9548,0.9585185185185185,1.7887001599999999,0.0,0.0,0.0,0.0,0.0,0.0,0.0,0.0,0.0,0.0,59.987101024,58.191263380125406,56.75459326502573,1206.0,1196.3333333333333,1188.6,31.0,14.5,23.95,0.0,5.95,2.9,0.0,2.9,0.0,2
35,1190.0,40.96333333333333,0.0,0.0,9.333333333333334,2.0,0.3333333333333333,1.0,0,0.0,0.0,0.0,0,0,0,0,0,0,0,0.0,0.0,0,0.0,0.0,0,3.0,0,0,0,0,0,1,0,1.013,1.013,1.6634,2.2030704160951076,3.4070589439999996,0.001,0.001,0.0116,0.020395366559975613,0.0174045184,0.256,0.256,0.33140000000000003,0.39396326779454355,0.7355680767999999,0.213,0.213,0.5412,0.8135244627343393,0.9863337984000001,0.0,0.0,0.0,0.0,0.0,0.026,0.026,0.0872,0.13798079561042523,0.1502031872,0.015,0.015,0.039400000000000004,0.05964593811918915,0.0712753152,0.503,0.503,0.6536,0.7785605852766346,1.4487320575999998,0.0,0.0,0.0,0.0,0.0,0.0,0.0,0.0,0.0,0.0,59.987101024,59.987101024,58.90959843767524,1206.0,1206.0,1200.2,29.0,14.0,20.25,0.75,3.0,0.0,0.0,0.0,0.0,3
36,3785414.0,43.914631258457106,0.0,0.0,6.520974289580514,2.8711096075778078,0.6999323410013532,0.9089986468200271,43,249.0,755.0,174.0,7,0,14,0,0,0,19,124.0,550.0,0,175.0,184.0,0,431.0,0,0,14,0,33,1,0,1.013,1.013,1.013,1.938610323629528,3.0572353663999996,0.001,0.001,0.001,0.016085285102203254,0.011442711039999998,0.256,0.256,0.256,0.36330476384020055,0.6973408460799999,0.213,0.213,0.213,0.6800745821267083,0.8048002790400001,0.0,0.0,0.0,0.0,0.0,0.026,0.026,0.026000000000000002,0.11309617436366406,0.11612191231999999,0.015,0.015,0.015,0.04972461853714712,0.05776518912,0.503,0.503,0.503,0.7173248996596047,1.3722392345599999,0.0,0.0,0.0,0.0,0.0,0.0,0.0,0.0,0.0,0.0,59.987101024,59.987101024,59.987101024000005,1206.0,1206.0,1206.0,32.0,17.5,24.46,0.0,6.459999999999999,12.120000000000001,0.0,12.120000000000001,0.0,0
37,4940480.0,44.8591517730498,0.0036879432624113474,0.00425531914893617,6.38354609929078,2.9588652482269504,0.6916312056737589,0.8939007092198582,45,278.0,740.0,226.0,9,0,6,0,0,0,12,160.0,783.0,0,259.0,204.0,0,507.0,0,0,22,0,26,0,0,24.064,8.696666666666667,5.6232,6.855363585045188,25.89834121984,0.97,0.324,0.1948,0.22806633285726918,0.976865626624,0.339,0.2836666666666667,0.2726,0.3579037052090449,0.7574045076479999,15.697,5.3743333333333325,3.3098,4.017169119431884,16.179880167424,0.153,0.051,0.0306,0.033999999999999996,0.153,4.095,1.3823333333333332,0.8398,0.9979636911717387,4.164673147392,1.26,0.43,0.264,0.31867470330666997,1.294659113472,1.551,0.8523333333333333,0.7125999999999999,0.9025860330685813,2.3743435407359996,0.0,0.0,0.0,0.0,0.0,0.0,0.0,0.0,0.0,0.0,46.925418687263985,55.633206911754655,57.37476455665279,1101.0,1171.0,1185.0,32.5,9.0,19.240000000000002,1.28,2.52,0.96,0.0,0.96,0.0,0
38,4704533.0,44.690040523690755,0.0024937655860349127,0.00903990024937656,6.639650872817955,2.9292394014962593,0.7023067331670823,0.8924563591022444,51,277.0,615.0,175.0,8,0,16,0,0,0,16,140.0,614.0,2,220.0,253.0,0,565.0,0,0,15,0,31,1,0,24.064,16.380333333333333,10.2334,10.679505010590702,39.603004731904,0.97,0.6469999999999999,0.3886,0.3929404811112093,1.5561193759743999,0.339,0.31133333333333335,0.2892,0.35370288182925713,0.7934427045888,15.697,10.535666666666666,6.4066,6.6126870928914645,25.4049281004544,0.153,0.102,0.0612,0.06044444444444444,0.2448,4.095,2.7386666666666666,1.6536000000000002,1.6861939820224632,6.5938038884351995,1.26,0.8450000000000001,0.5130000000000001,0.5278581025718544,2.0367954680832,1.551,1.2016666666666669,0.9221999999999999,1.0466780257200077,2.9756061244415997,0.0,0.0,0.0,0.0,0.0,0.0,0.0,0.0,0.0,0.0,46.925418687263985,51.27931279950932,54.762428089305594,1101.0,1136.0,1164.0,27.5,13.0,20.55,0.0,2.55,1.1,0.0,1.1,0.0,0
39,4501616.0,48.38993239090378,0.0,0.0,6.253226797787339,3.1398279041180084,0.7191149354640443,0.8979717271051014,52,247.0,598.0,186.0,11,0,24,0,0,0,17,132.0,866.0,1,216.0,146.0,0,484.0,0,0,22,0,26,0,0,24.064,24.064000000000004,14.843599999999999,13.653837230459436,47.8258028391424,0.97,0.9700000000000001,0.5824,0.5211759297531627,1.9036716255846398,0.339,0.339,0.3058,0.3504355747560889,0.81506562275328,15.697,15.696999999999997,9.5034,8.631423294471139,30.939956860272638,0.153,0.153,0.09179999999999999,0.08101234567901233,0.29988,4.095,4.095,2.4674,2.2214842082396933,8.051282333061119,1.26,1.26,0.762,0.6905563020003311,2.4820772808499196,1.551,1.5510000000000002,1.1317999999999997,1.158749575560006,3.33636367466496,0.0,0.0,0.0,0.0,0.0,0.0,0.0,0.0,0.0,0.0,46.925418687263985,46.92541868726399,52.150091621958396,1101.0,1101.0,1143.0,25.5,14.5,20.0,0.0,2.0,0.0,0.0,0.0,0.0,0
40,4935135.0,57.83894391534335,0.0,0.0,5.660952380952381,2.594074074074074,0.7923809523809524,0.9301587301587302,44,225.0,593.0,181.0,11,0,20,0,0,0,11,118.0,2302.0,0,216.0,148.0,0,532.0,0,0,27,0,20,1,0,24.064,24.064000000000004,19.4538,15.967206734801783,52.759481703485434,0.97,0.9699999999999999,0.7762,0.6209146120302377,2.112202975350784,0.339,0.339,0.3224,0.3478943359214025,0.828039373651968,15.697,15.696999999999997,12.6002,10.20155145125533,34.26097411616358,0.153,0.153,0.1224,0.09700960219478735,0.332928,4.095,4.095,3.2811999999999997,2.637821050853095,8.925769399836671,1.26,1.26,1.011,0.8170993460002576,2.7492463685099517,1.551,1.551,1.3413999999999997,1.2459163365466712,3.5528182047989754,0.0,0.0,0.0,0.0,0.0,0.0,0.0,0.0,0.0,0.0,46.925418687263985,46.92541868726399,49.53775515461119,1101.0,1101.0,1122.0,26.5,8.0,17.725,1.925,1.65,2.45,0.0,2.45,0.0,0
41,4006622.0,46.08538678358935,0.002192295646727216,0.0028186658315064203,6.230504227998748,2.758847478860006,0.7547760726589414,0.9138740995928594,40,232.0,616.0,198.0,10,0,26,0,0,0,19,118.0,831.0,0,188.0,170.0,0,481.0,0,0,22,0,17,0,0,42.539,30.222333333333335,27.759000000000004,21.87204968262361,74.19468902209127,1.536,1.1586666666666667,1.0832000000000002,0.8242669204679627,2.8033217852104704,3.156,1.278,0.9024000000000001,0.9719178168277576,3.652823624191181,21.168,17.520666666666667,16.791199999999996,12.638540017643034,41.724584469698144,0.861,0.389,0.2946,0.2667852461515013,1.0607568,6.093,4.761,4.4946,3.4056385951079626,11.448461639902003,1.743,1.421,1.3566,1.0228550468890893,3.392547821105971,7.982,3.6946666666666665,2.8372,2.7428238173140773,10.113690922879385,0.0,0.0,0.0,0.0,0.0,0.0,0.0,0.0,0.0,0.0,44.3983889339963,46.08307543617476,46.420012736610445,1210.0,1137.3333333333333,1122.8,23.0,10.0,16.619999999999997,1.3800000000000001,0.0,0.0,0.0,0.0,0.0,0
42,13000503.981192986,53.232931164903036,0.0005673222390317701,0.000661875945537065,6.317038577912254,3.072428139183056,0.7097201210287444,0.902231467473525,72,902.0,1363.0,438.0,13,0,34,0,0,0,29,310.0,2289.0,2,927.0,1148.0,0,2226.0,0,0,28,0,47,1,0,42.539,36.38066666666667,31.454,26.464705308707252,87.05581341325475,1.536,1.3473333333333333,1.1964000000000001,0.9824298270306377,3.2179930711262825,3.156,2.217,1.4658,1.457269413088256,5.347694174514709,21.168,19.34433333333333,17.885399999999997,14.533975569277917,46.202750681818884,0.861,0.625,0.43620000000000003,0.39883296922894546,1.49745408,6.093,5.427,4.8942,4.0028300184173045,12.962076983941202,1.743,1.582,1.4532,1.182887258691514,3.778528692663583,7.982,5.838333333333334,4.1234,3.907085191244282,14.050214553727631,0.0,0.0,0.0,0.0,0.0,0.0,0.0,0.0,0.0,0.0,44.3983889339963,45.24073218508553,45.914606785956906,1210.0,1173.6666666666667,1144.6,24.5,4.5,14.3,4.1,0.4,0.0,0.0,0.0,0.0,0
43,4437520.110548649,44.83216661672195,0.0,0.0,6.949056038357806,2.8207971231645192,0.7746478873239436,0.9029068025172311,46,283.0,585.0,229.0,9,0,23,0,0,0,22,140.0,598.0,1,234.0,185.0,0,594.0,0,0,24,0,22,0,0,42.539,42.539,35.149,30.036770795661198,94.77248804795286,1.536,1.5360000000000003,1.3096,1.1054454210238294,3.4667958426757695,3.156,3.156,2.0292000000000003,1.8347650990686435,6.364616504708826,21.168,21.168,18.979599999999998,16.00820322054949,48.88965040909133,0.861,0.8610000000000001,0.5778,0.5015367538447354,1.759472448,6.093,6.093,5.293799999999999,4.4673122365467925,13.870246190364721,1.743,1.743,1.5498,1.3073567567600666,4.01011721559815,7.982,7.981999999999999,5.4096,4.81262181541222,16.412128732236578,0.0,0.0,0.0,0.0,0.0,0.0,0.0,0.0,0.0,0.0,44.3983889339963,44.3983889339963,45.40920083530337,1210.0,1210.0,1166.4,22.0,9.0,15.679999999999998,2.3199999999999994,0.0,0.8400000000000001,0.0,0.8400000000000001,0.0,0
44,5301994.50150659,46.59668904287604,0.00281507145950628,0.0036812472932005198,6.510610653962755,3.0203551320918147,0.7791251624079688,0.9192291035080121,44,331.0,676.0,251.0,12,0,20,0,0,0,23,144.0,745.0,0,279.0,939.0,0,703.0,0,0,30,0,24,1,0,42.539,42.539,38.844,32.81504395218093,99.40249282877173,1.536,1.5360000000000003,1.4228,1.2011242163518674,3.6160775056054617,3.156,3.156,2.5926,2.1283728548311673,6.974769902825296,21.168,21.168,20.0738,17.15482472709405,50.5017902454548,0.861,0.8610000000000001,0.7194,0.5814174752125719,1.9166834687999998,6.093,6.093,5.6934,4.8285761839808385,14.415147714218833,1.743,1.743,1.6464000000000003,1.4041663663689408,4.14907032935889,7.982,7.982,6.6958,5.516928078653948,17.82927723934195,0.0,0.0,0.0,0.0,0.0,0.0,0.0,0.0,0.0,0.0,44.3983889339963,44.3983889339963,44.90379488464984,1210.0,1210.0,1188.2,16.0,2.0,10.9,7.1,0.0,0.9,0.0,0.9,0.0,0
45,5904660.0,48.275112301670255,0.00164846486709252,0.00247269730063878,6.164434370492478,2.9078920255512055,0.781166288893468,0.9109828971770039,36,321.0,638.0,216.0,15,0,21,0,0,0,29,142.0,791.0,0,259.0,1294.0,0,684.0,0,0,29,0,14,0,0,10.243,31.773666666666667,36.0798,27.799034185029612,69.88449569726303,0.844,1.3053333333333332,1.3976000000000002,1.1217632793847858,3.013646503363277,0.255,2.189,2.5758,1.7120677759797969,4.4398619416951774,2.834,15.056666666666667,17.5012,13.97241923218426,33.13507414727288,0.034,0.5853333333333334,0.6956,0.4597691473875559,1.1840100812799998,3.912,5.366,5.6568,4.624892587540653,12.561088628531298,1.319,1.6016666666666666,1.6582000000000001,1.385240507175843,3.808442197615334,1.044,5.669333333333334,6.5944,4.522944061175293,11.74156634360517,0.0,0.0,0.0,0.0,0.0,0.0,0.0,0.0,0.0,0.0,46.99999999999999,45.2655926226642,44.918711147197044,1233.0,1217.6666666666667,1214.6,23.0,5.0,13.919999999999998,4.08,0.0,1.72,0.0,1.72,0.0,2
46,4872541.000542772,46.192820577800916,0.0012671059300557526,0.0015205271160669033,6.629751647237709,2.8930562595032945,0.7503801317790167,0.9234668018246326,23,305.0,646.0,213.0,6,0,32,0,0,0,19,167.0,679.0,0,288.0,577.0,0,695.0,0,0,31,0,28,1,0,10.243,21.008333333333336,29.620600000000003,23.897693255023032,52.17369741835782,0.844,1.0746666666666667,1.2591999999999999,1.0600381061881667,2.652187902017966,0.255,1.2220000000000002,1.9956,1.3882749368731753,2.918917165017106,2.834,8.945333333333332,13.834399999999999,11.497214958365534,22.715044488363727,0.034,0.3096666666666667,0.5302,0.3651537813014324,0.7444060487679999,3.912,4.639,5.2206,4.466472012531619,11.448653177118779,1.319,1.4603333333333335,1.5734,1.3705203944701,3.6040653185692,1.044,3.356666666666667,5.2068,3.749845380914117,8.088939806163102,0.0,0.0,0.0,0.0,0.0,0.0,0.0,0.0,0.0,0.0,46.99999999999999,46.13279631133209,45.43903336039777,1233.0,1225.3333333333333,1219.2,17.0,-1.5,8.833333333333334,9.166666666666666,0.0,5.133333333333333,0.0,5.133333333333333,0.0,6
47,3972623.0,45.87461083743871,0.002627257799671593,0.002955665024630542,6.123152709359606,2.8752052545155995,0.7628899835796388,0.9054187192118227,36,224.0,532.0,183.0,4,0,25,0,0,0,15,117.0,663.0,1,197.0,299.0,0,480.0,0,0,24,0,18,1,0,10.243,10.243,23.1614,20.863316976129028,41.54721845101469,0.844,0.844,1.1208,1.0120296381463518,2.4353127412107796,0.255,0.255,1.4154,1.1364360620124696,2.0063502990102635,2.834,2.834,10.1676,9.572056078728748,16.463026693018236,0.034,0.034,0.36479999999999996,0.2915640521233363,0.48064362926079995,3.912,3.9120000000000004,4.7844,4.343256009746814,10.781191906271268,1.319,1.319,1.4886,1.359071417921189,3.48143919114152,1.044,1.044,3.8192,3.148546407377647,5.897363883697862,0.0,0.0,0.0,0.0,0.0,0.0,0.0,0.0,0.0,0.0,46.99999999999999,46.99999999999999,45.959355573598515,1233.0,1233.0,1223.8,16.0,-4.0,6.075,11.925,0.0,3.3,2.5,5.8,1.75,0
48,5029013.001085544,42.49611811750256,0.0009227929867733005,0.0012303906490310674,6.429406336511843,2.9507843740387574,0.767763764995386,0.889264841587204,21,267.0,708.0,225.0,17,0,16,0,0,0,15,114.0,526.0,2,226.0,255.0,0,567.0,0,0,23,0,14,0,0,10.243,10.243,16.702199999999998,18.503246536989245,35.171331070608815,0.844,0.844,0.9823999999999998,0.9746897185582737,2.305187644726468,0.255,0.255,0.8352,0.9405613815652542,1.458810179406158,2.834,2.834,6.5008,8.074710283455692,12.71181601581094,0.034,0.034,0.1994,0.23432759609592824,0.3223861775564799,3.912,3.9120000000000004,4.3482,4.2474213409141885,10.38071514376276,1.319,1.319,1.4038,1.3501666583831469,3.407863514684912,1.044,1.044,2.4316000000000004,2.680869427960392,4.582418330218717,0.0,0.0,0.0,0.0,0.0,0.0,0.0,0.0,0.0,0.0,46.99999999999999,46.99999999999999,46.47967778679926,1233.0,1233.0,1228.4,12.0,3.5,7.8,10.2,0.0,11.6,0.0,11.6,0.0,0
49,5560500.0,44.69347300337546,0.0,0.0,6.297525309336333,2.9004499437570304,0.7606861642294713,0.8939820022497188,42,275.0,672.0,244.0,9,0,29,0,0,0,18,132.0,712.0,0,256.0,276.0,0,609.0,0,0,27,0,22,1,0,10.243,10.243,10.243,16.66763619543608,31.34579864236529,0.844,0.844,0.844,0.9456475588786573,2.2271125868358808,0.255,0.255,0.2549999999999999,0.7882144078840866,1.1302861076436947,2.834,2.834,2.834,6.9101079982433165,10.461089609486564,0.034,0.034,0.034,0.18981035251905531,0.22743170653388795,3.912,3.9120000000000004,3.9120000000000004,4.17288326515548,10.140429086257656,1.319,1.319,1.319,1.343240734298003,3.363718108810947,1.044,1.044,1.044,2.317120666191416,3.79345099813123,0.0,0.0,0.0,0.0,0.0,0.0,0.0,0.0,0.0,0.0,46.99999999999999,46.99999999999999,46.99999999999999,1233.0,1233.0,1233.0,7.5,-4.0,1.8,16.2,0.0,4.0,0.0,4.0,0.0,0
50,6182933.0,48.075254036088126,0.0,0.0,5.995489078822412,2.74002849002849,0.7554605887939221,0.8967236467236467,49,295.0,778.0,246.0,10,0,37,0,0,0,35,108.0,1182.0,3,233.0,283.0,0,671.0,0,0,23,0,25,0,0,26.686,15.723999999999998,13.531600000000001,18.893939263116952,45.493479185419176,1.349,1.0123333333333333,0.945,1.0352814346834,2.6852675521015286,0.766,0.42533333333333334,0.3571999999999999,0.783277872798734,1.4441716645862168,14.176,6.614666666666667,5.1024,8.524750665300356,20.452653765691938,0.267,0.11166666666666668,0.0806,0.2069636075148208,0.4034590239203328,5.626,4.483333333333333,4.2548,4.4957980951209295,11.710257451754593,1.707,1.4483333333333333,1.3966,1.4240761266762245,3.7252308652865684,2.795,1.6276666666666666,1.3942,2.4233160737044344,5.0710705988787375,0.0,0.0,0.0,0.0,0.0,0.0,0.0,0.0,0.0,0.0,45.8,46.599999999999994,46.75999999999999,1038.0,1168.0,1194.0,16.0,-2.5,8.525,9.475,0.0,0.15,0.0,0.15,0.0,0
51,4991834.0,43.0233636630474,0.0,0.0,6.720281772820663,2.8306427942471384,0.7549163486938656,0.8852362782506604,31,335.0,675.0,225.0,4,1,32,0,0,0,22,85.0,563.0,2,186.0,326.0,0,605.0,0,0,30,0,40,1,0,26.686,21.205000000000002,16.8202,20.625508315757628,53.98208751125151,1.349,1.1806666666666665,1.0459999999999998,1.1049966714204222,2.960160531260917,0.766,0.5956666666666667,0.4593999999999999,0.7794383455101264,1.63250299875173,14.176,10.395333333333333,7.3708,9.780583850789167,26.447592259415163,0.267,0.18933333333333335,0.1272,0.22030502806708285,0.5090754143521996,5.626,5.054666666666667,4.5976,4.746954073982945,12.652154471052757,1.707,1.5776666666666668,1.4742000000000002,1.4869480985259524,3.942138519171941,2.795,2.2113333333333336,1.7444,2.5059125017701156,5.837642359327242,0.0,0.0,0.0,0.0,0.0,0.0,0.0,0.0,0.0,0.0,45.8,46.199999999999996,46.519999999999996,1038.0,1103.0,1155.0,5.5,-5.0,-0.1,18.1,0.0,3.5,0.0,3.5,0.0,0
52,6966951.0,47.510652415943554,0.0,0.0,6.4226230238254285,2.882654197283456,0.7201068804275217,0.8744154976619907,44,315.0,721.0,225.0,11,2,40,0,0,0,16,116.0,737.0,4,300.0,716.0,0,876.0,0,0,26,0,34,0,0,26.686,26.685999999999996,20.1088,21.972284245589265,59.0752525067509,1.349,1.349,1.147,1.159219633326995,3.12509631875655,0.766,0.766,0.5616,0.7764520465078761,1.745501799251038,14.176,14.176000000000002,9.639199999999999,10.757342995058242,30.044555355649095,0.267,0.267,0.1738,0.23068168849662002,0.5724452486113198,5.626,5.626,4.9404,4.942297613097846,13.217292682631655,1.707,1.707,1.5518,1.5358485210757409,4.072283111503165,2.795,2.795,2.0946,2.5701541680434232,6.297585415596345,0.0,0.0,0.0,0.0,0.0,0.0,0.0,0.0,0.0,0.0,45.8,45.79999999999999,46.279999999999994,1038.0,1038.0,1116.0,15.5,1.0,8.05,9.95,0.0,5.2,0.0,5.2,0.0,3
53,5220591.0,44.63102980373241,0.0,0.0,6.171553186333899,2.8226314514174944,0.7782893142718682,0.9151926338744851,46,298.0,657.0,239.0,10,2,36,0,0,0,22,103.0,667.0,3,243.0,842.0,0,631.0,0,0,29,0,37,1,1,26.686,26.685999999999996,23.397399999999998,23.019776635458314,62.131151504050536,1.349,1.349,1.248,1.2013930481432185,3.22405779125393,0.766,0.766,0.6638,0.774129369506126,1.8133010795506228,14.176,14.176,11.9076,11.517044551711965,32.20273321338946,0.267,0.267,0.2204,0.23875242438626004,0.6104671491667919,5.626,5.626,5.2832,5.094231476853881,13.556375609578993,1.707,1.707,1.6294,1.5738821830589096,4.150369866901899,2.795,2.795,2.4448,2.620119908478218,6.5735512493578065,0.0,0.0,0.0,0.0,0.0,0.0,0.0,0.0,0.0,0.0,45.8,45.800000000000004,46.04,1038.0,1038.0,1077.0,6.5,-2.0,2.3,15.7,0.0,0.0,0.0,0.0,0.0,7
1,5077831.0,49.228777946192494,0.0,0.0,5.8946570670708605,2.881394467601364,0.8093974990526714,0.9380447139067829,48,280.0,580.0,261.0,3,3,31,0,1,0,30,88.0,776.0,2,211.0,2022.0,0,634.0,0,0,26,0,31,0,0,18.549,23.973666666666663,25.058600000000002,22.02627071646758,55.82769090243032,1.095,1.2643333333333333,1.2982,1.1777501485558366,3.029434674752358,0.114,0.5486666666666667,0.6355999999999999,0.6274339540603202,1.2019806477303738,1.05,9.800666666666666,11.550799999999999,9.191034651331528,20.371639928033673,0.225,0.253,0.25860000000000005,0.23569633007820226,0.5912802895000752,5.725,5.659,5.6457999999999995,5.234402259775241,13.858825365747395,1.842,1.752,1.734,1.6334639201569296,4.332221920141139,1.05,2.2133333333333334,2.446,2.271204373260836,4.994130749614683,0.675,0.225,0.135,0.15,0.675,6.773,2.2576666666666667,1.3546,1.505111111111111,6.773,47.09303132503366,46.23101044167788,46.05860626500673,1052.0,1042.6666666666667,1040.8,11.0,-14.0,0.06666666666666672,17.933333333333334,0.0,7.866666666666667,2.3333333333333335,10.200000000000001,0.0,0
2,4372114.0,48.38679225536393,0.0026164311878597592,0.0028780743066457353,6.570381998953428,2.663003663003663,0.7849293563579278,0.9196755625327054,48,264.0,468.0,230.0,7,2,40,0,0,0,21,76.0,579.0,2,218.0,1097.0,0,509.0,0,0,36,0,27,1,0,18.549,21.261333333333333,23.4312,21.253543890585895,52.04561454145819,1.095,1.1796666666666666,1.2473999999999998,1.1593612266545397,2.9126608048514147,0.114,0.3313333333333333,0.5051999999999999,0.5133375198246936,0.8351883886382243,1.05,5.425333333333334,8.925600000000001,7.381915839924521,13.272983956820203,0.225,0.23900000000000002,0.25020000000000003,0.23331936783860174,0.5797681737000451,5.725,5.692,5.6655999999999995,5.343423979825187,14.040295219448437,1.842,1.797,1.761,1.6798052712331675,4.441333152084683,1.05,1.6316666666666666,2.097,1.999825623647317,4.04647844976881,0.675,0.45,0.27,0.26666666666666666,1.08,6.773,4.515333333333333,2.7092,2.675753086419753,10.8368,47.09303132503366,46.66202088335577,46.317212530013464,1052.0,1047.3333333333333,1043.6,4.5,-12.0,-3.733333333333333,21.733333333333334,0.0,2.533333333333333,0.0,2.533333333333333,10.333333333333334,0
4,5056909.0,43.81096674182645,0.0,0.0,6.664317925591883,2.648816234498309,0.7877677564825254,0.8875422773393461,53,324.0,622.0,225.0,10,0,30,0,1,0,33,65.0,374.0,4,207.0,631.0,0,624.0,0,0,32,0,38,1,0,18.549,18.549,20.1764,20.185082106650725,48.41482123492494,1.095,1.095,1.1458,1.133934569210771,2.800557889746509,0.114,0.114,0.24439999999999995,0.3555745490297529,0.4830678199097607,1.05,1.05,3.6752000000000002,4.880418224151872,6.458274224455273,0.225,0.225,0.2334,0.23003270400112943,0.5687165425320162,5.725,5.724999999999999,5.7052,5.494170061869557,14.214506279001435,1.842,1.8419999999999999,1.8150000000000002,1.7438822011163606,4.546079934750486,1.05,1.05,1.3990000000000002,1.6245858710952907,3.1367322419167722,0.675,0.6750000000000002,0.54,0.42798353909465014,1.4687999999999999,6.773,6.773,5.4184,4.294418533760097,14.738048,47.09303132503366,47.09303132503366,46.83442506002693,1052.0,1052.0,1049.2,5.5,-9.0,-1.8,19.8,0.0,0.0,0.0,0.0,0.0,0
5,5380254.0,51.19017821054529,0.002204666544185192,0.002939555392246923,6.340804703288628,2.7288260150652213,0.7942311225427154,0.9369832812787066,47,342.0,941.0,251.0,5,1,37,0,0,0,50,77.0,564.0,4,250.0,1901.0,0,591.0,0,0,37,0,43,0,0,9.61,15.569333333333333,16.761199999999995,17.83506386072834,38.65889274095497,0.517,0.9023333333333334,0.9793999999999998,0.9968379982750442,2.1973347338479052,0.383,0.20366666666666666,0.1677999999999999,0.3616690936898078,0.6728406919458565,2.345,1.4816666666666667,1.309,4.316991952118123,6.219964534673164,0.119,0.18966666666666665,0.20380000000000004,0.20535876977865622,0.4602299255192097,3.978,5.142666666666666,5.3756,5.1572433814541006,12.506703767400861,1.293,1.659,1.7322000000000002,1.6436861564238359,4.020647960850291,0.975,1.0250000000000001,1.0350000000000001,1.4802334552963372,2.857039345150063,0.0,0.45,0.54,0.3328760859625057,0.88128,0.0,4.515333333333333,5.4184,3.340103304035631,8.8428288,50.32740649908032,48.17115638304921,47.73990635984298,1222.0,1108.6666666666667,1086.0,13.0,-5.5,3.2000000000000006,14.799999999999999,0.0,3.4,0.0,3.4,0.0,2
6,4728483.0,45.51917751171274,0.0,0.0,6.309213951067153,2.6246746486205104,0.7738157209786569,0.9112441436751691,48,302.0,822.0,213.0,2,1,35,0,0,1,35,88.0,485.0,5,241.0,710.0,0,540.0,0,0,43,0,40,1,1,9.61,12.589666666666666,14.973399999999998,16.007271891677597,32.80533564457298,0.517,0.7096666666666667,0.8638,0.8902073319917011,1.835400840308743,0.383,0.29333333333333333,0.22159999999999994,0.36640929509207276,0.7867044151675139,2.345,1.9133333333333333,1.568,3.878771518314095,6.076978720803899,0.119,0.15433333333333335,0.1826,0.18616793205006593,0.3951379553115258,3.978,4.560333333333333,5.026199999999999,4.895189296686523,11.482022260440516,1.293,1.476,1.6224,1.5657558994407612,3.7053887765101745,0.975,1.0,1.02,1.3679593541193733,2.689223607090038,0.0,0.225,0.4050000000000001,0.2589036224152822,0.5287679999999999,0.0,2.2576666666666667,4.0638,2.5978581253610464,5.3056972799999995,50.32740649908032,49.24928144106477,48.38678139465232,1222.0,1165.3333333333333,1120.0,5.0,-18.0,-7.266666666666667,25.266666666666666,0.0,0.0,2.6666666666666665,2.6666666666666665,2.0,1
7,6560663.0,47.345257537687935,0.004554020100502512,0.005496231155778895,6.150910804020101,2.715138190954774,0.780464824120603,0.9272927135678392,74,319.0,1490.0,675.0,4,3,46,0,0,2,65,137.0,774.0,0,229.0,1573.0,0,647.0,0,0,36,0,29,1,1,9.61,9.61,13.185599999999999,14.585655915749243,29.293201386743785,0.517,0.517,0.7482,0.8072723693268787,1.6182405041852457,0.383,0.383,0.2753999999999999,0.3700961184049455,0.8550226491005083,2.345,2.345,1.8270000000000004,3.5379334031331853,5.991187232482339,0.119,0.119,0.1614,0.17124172492782905,0.35608277318691545,3.978,3.978,4.6768,4.691369452978407,10.86721335626431,1.293,1.293,1.5126000000000002,1.5051434773428143,3.516233265906105,0.975,0.975,1.0050000000000001,1.280635053203957,2.5885341642540225,0.0,0.0,0.27,0.20136948410077504,0.31726079999999995,0.0,0.0,2.7092,2.0205563197252583,3.1834183679999994,50.32740649908032,50.327406499080325,49.03365642946166,1222.0,1222.0,1154.0,17.5,-12.0,5.166666666666667,12.833333333333334,0.0,0.0,0.0,0.0,1.3333333333333333,3
8,5358741.0,52.83918058730333,0.0010550378055213644,0.0012308774397749253,6.266397045894145,2.3666256374186743,0.8048180059785476,0.929136627395815,61,330.0,817.0,329.0,3,5,34,0,1,4,58,131.0,760.0,3,209.0,1994.0,0,565.0,0,1,44,0,45,0,0,9.61,9.61,11.3978,13.4799546011383,27.18592083204627,0.517,0.517,0.6326,0.7427673983653502,1.4879443025111474,0.383,0.383,0.3291999999999999,0.37296364764829093,0.896013589460305,2.345,2.345,2.086,3.272837091325811,5.939712339489404,0.119,0.119,0.1402,0.1596324527216448,0.33264966391214923,3.978,3.978,4.3274,4.532842907872094,10.498328013758586,1.293,1.293,1.4027999999999998,1.4580004823777444,3.4027399595436627,0.975,0.975,0.99,1.2127161524919665,2.5281204985524135,0.0,0.0,0.135,0.15662070985615836,0.19035647999999997,0.0,0.0,1.3546,1.5715438042307566,1.9100510207999997,50.32740649908032,50.32740649908032,49.680531464270985,1222.0,1222.0,1188.0,1.0,-3.5,-0.65,18.65,0.0,12.7,3.0,15.7,3.0,0
9,5074028.002739851,48.040964642582736,0.0090315142198309,0.011145272867025366,6.111837048424289,2.5712913143735587,0.7772867025365103,0.9363950807071484,60,289.0,954.0,558.0,9,1,30,0,0,6,46,119.0,579.0,6,263.0,1402.0,1,558.0,0,0,46,0,44,0,1,9.61,9.61,9.61,12.619964689774234,25.92155249922776,0.517,0.517,0.5170000000000001,0.6925968653952724,1.4097665815066884,0.383,0.383,0.3829999999999999,0.3751939481708929,0.920608153676183,2.345,2.345,2.3449999999999998,3.0666510710311865,5.908827403693643,0.119,0.119,0.119,0.15060301878350152,0.3185897983472895,3.978,3.978,3.978,4.409544483900518,10.276996808255152,1.293,1.293,1.293,1.4213337085160234,3.3346439757261974,0.975,0.975,0.975,1.159890340827085,2.491872299131448,0.0,0.0,0.0,0.12181610766590095,0.11421388799999997,0.0,0.0,0.0,1.222311847735033,1.1460306124799997,50.32740649908032,50.32740649908032,50.32740649908031,1222.0,1222.0,1222.0,10.5,-5.0,2.1999999999999997,15.800000000000002,0.0,1.0,2.3333333333333335,3.3333333333333335,2.6666666666666665,0
10,7788932.0,49.82787597161249,0.01926326461642447,0.030077728962487327,6.063028050016897,2.570631970260223,0.7054748225751943,0.8840824602906387,44,353.0,1082.0,502.0,3,1,35,0,0,5,41,136.0,626.0,5,314.0,1512.0,0,894.0,1,0,43,1,44,0,0,25.006,14.741999999999999,12.6892,15.372416980935515,40.558931499536655,2.325,1.1196666666666668,0.8786000000000002,1.0553531175296564,3.1708599489040132,0.525,0.4303333333333333,0.4113999999999999,0.40848418191069447,1.0773648922057097,10.397,5.029,3.9554,4.695617499690923,13.942296442216186,0.093,0.11033333333333332,0.11379999999999998,0.1378023479427234,0.2841538790083737,4.609,4.1883333333333335,4.1042000000000005,4.453867931922625,10.775198084953091,1.554,1.38,1.3452,1.4508151066235737,3.554786385435718,1.298,1.0826666666666667,1.0396,1.190581376198844,2.793123379478869,0.218,0.07266666666666667,0.0436,0.14319030596236743,0.2865283328,3.986,1.3286666666666667,0.7972,1.8364647704605812,4.673618367488,49.02055041461363,49.89178780425809,50.066035282186974,1015.0,1153.0,1180.6,20.0,-2.0,10.166666666666666,7.833333333333333,0.0,9.0,0.0,9.0,0.0,3
11,4506273.0,53.0727569581416,0.08985316677624369,0.11593250054788516,6.020819636204251,2.43655489809336,0.7742713127328512,0.9261450799912339,28,285.0,652.0,295.0,10,4,34,0,0,2,25,99.0,559.0,6,223.0,1493.0,0,537.0,2,0,36,0,43,1,1,25.006,19.874,15.7684,17.513213207394287,49.341358899721996,2.325,1.7223333333333335,1.2402000000000002,1.3374968691897329,4.227515969342408,0.525,0.4776666666666667,0.43979999999999997,0.4343765859305402,1.171418935323426,10.397,7.713000000000001,5.5658,5.962591388648495,18.76237786532971,0.093,0.10166666666666667,0.10859999999999999,0.12784627062211817,0.2634923274050242,4.609,4.398666666666666,4.2304,4.488341724828708,11.074118850971853,1.554,1.4669999999999999,1.3974,1.4737450829294463,3.6868718312614304,1.298,1.1903333333333332,1.1042,1.2144521814879898,2.9738740276873212,0.218,0.14533333333333334,0.0872,0.15981468241517466,0.38991699968,3.986,2.6573333333333333,1.5944,2.314139265913785,6.7901710204928,49.02055041461363,49.456169109435855,49.80466406529364,1015.0,1084.0,1139.2,16.0,-2.5,8.9,9.1,0.0,0.5,0.0,0.5,0.0,0
12,4582096.0,49.08318615257085,0.32483416252072966,0.4156301824212272,5.77259535655058,2.497305140961857,0.6772388059701493,0.9427860696517413,29,288.0,1082.0,503.0,5,2,41,0,0,6,30,101.0,491.0,3,180.0,1279.0,0,484.0,0,0,44,0,50,0,1,25.006,25.006,18.8476,19.178276939084448,54.610815339833195,2.325,2.325,1.6018000000000001,1.5569420093697923,4.8615095816054446,0.525,0.525,0.46819999999999995,0.45451512239042013,1.2278513611940556,10.397,10.397,7.1762,6.9480155245043855,21.654426719197826,0.093,0.09300000000000001,0.1034,0.12010265492831414,0.2510953964430145,4.609,4.609,4.3566,4.515154674866773,11.253471310583112,1.554,1.554,1.4496,1.491579508945125,3.766123098756858,1.298,1.298,1.1687999999999998,1.2330183633795477,3.0823244166123924,0.218,0.218,0.1308,0.1727447529895803,0.451950199808,3.986,3.986,2.3916,2.6856638734884997,8.06010261229568,49.02055041461363,49.02055041461363,49.543292848400306,1015.0,1015.0,1097.8,20.5,-3.5,5.720000000000001,12.280000000000001,0.0,12.8,0.0,12.8,0.0,0
13,5275017.004783721,50.12486781290382,1.6975411351451284,2.018117951562211,5.647439452763912,2.4675540765391015,0.452763911998521,0.935847661305232,27,341.0,1089.0,599.0,4,3,45,0,0,7,14,116.0,566.0,3,226.0,1446.0,0,586.0,0,1,32,0,43,1,1,25.006,25.006,21.9268,20.473326508176793,57.772489203899916,2.325,2.325,1.9634,1.7276215628431717,5.241905748963267,0.525,0.525,0.49659999999999993,0.4701784285258823,1.2617108167164335,10.397,10.397,8.7866,7.714456519058967,23.389656031518697,0.093,0.09300000000000001,0.0982,0.11407984272202211,0.24365723786580867,4.609,4.609,4.4828,4.536009191563045,11.361082786349868,1.554,1.554,1.5018,1.5054507291795416,3.8136738592541146,1.298,1.298,1.2334,1.2474587270729816,3.1473946499674357,0.218,0.218,0.1744,0.18280147454745133,0.48917011988479997,3.986,3.986,3.1888,2.974627457157722,8.822061567377407,49.02055041461363,49.02055041461363,49.28192163150696,1015.0,1015.0,1056.4,16.0,-5.0,6.871428571428571,11.12857142857143,0.0,2.8285714285714283,0.5428571428571428,3.371428571428571,0.0,0
14,5430778.0,52.97327029012067,3.7789203084832903,4.482005141388175,5.936650752846125,2.4250826294528096,0.041681968417186924,0.9309585016525891,29,333.0,769.0,371.0,5,3,39,0,0,5,27,88.0,737.0,3,187.0,1550.0,0,661.0,0,0,40,0,46,0,0,14.212,21.408,22.8472,19.08192061747084,48.87549352233995,1.301,1.983666666666667,2.1202,1.6328167711002446,4.44614344937796,0.218,0.4226666666666667,0.4635999999999999,0.4141387777423529,0.9750264900298601,6.077,8.957,9.533000000000001,7.350577292601418,20.110793618911217,0.009,0.065,0.0762,0.09072876656157275,0.1551943427194852,4.129,4.449,4.513,4.445562704549035,10.945649671809921,1.423,1.5103333333333333,1.5278,1.4871283449174213,3.7112043155524685,1.055,1.2169999999999999,1.2494,1.2046901210567633,2.943436789980461,0.0,0.14533333333333334,0.1744,0.1421789246480177,0.29350207193087996,0.0,2.6573333333333333,3.1888,2.3135991333448946,5.293236940426444,51.82760501909438,49.95623528277388,49.581961335509774,1242.0,1090.6666666666667,1060.4,11.5,-8.5,1.25,16.75,0.0,2.35,0.55,2.9000000000000004,0.0,0
15,4354213.0,52.4653737465818,3.7199179580674566,4.347538742023701,5.757292616226071,2.456244302643573,0.034184138559708296,0.9348222424794895,34,284.0,664.0,289.0,7,2,39,0,0,2,27,72.0,445.0,6,188.0,1308.0,0,701.0,0,0,45,0,37,1,0,14.212,17.81,20.6884,17.999716035810653,43.53729611340397,1.301,1.6423333333333332,1.9154,1.5590797108557457,3.9686860696267754,0.218,0.32033333333333336,0.40219999999999995,0.3705523826884967,0.803015894017916,6.077,7.517,8.669,7.06756011646777,18.14347617134673,0.009,0.037,0.05940000000000001,0.07256681843677881,0.10211660563169112,4.129,4.289,4.417,4.375215436871471,10.696389803085953,1.423,1.4666666666666668,1.5016,1.4728776016024387,3.649722589331481,1.055,1.136,1.2007999999999999,1.171425649710816,2.8210620739882764,0.0,0.07266666666666667,0.1308,0.11058360805956934,0.17610124315852796,0.0,1.3286666666666667,2.3916,1.7994659926015848,3.1759421642558663,51.82760501909438,50.89192015093412,50.143372256405925,1242.0,1166.3333333333333,1105.8,24.0,-2.0,9.92,8.08,0.0,0.0,0.0,0.0,0.0,0
16,2633861.0,52.93752631578942,3.3186234817813767,3.882591093117409,4.778947368421052,2.5433198380566804,0.05668016194331984,0.9279352226720647,21,192.0,319.0,169.0,2,3,27,0,0,1,6,39.0,318.0,1,122.0,660.0,1,354.0,0,1,32,0,11,0,0,14.212,14.211999999999998,18.5296,17.158001361186063,40.33437766804238,1.301,1.301,1.7106000000000001,1.5017286639989134,3.682211641776065,0.218,0.218,0.34079999999999994,0.3366518532021641,0.6998095364107495,6.077,6.077000000000001,7.805,6.847435646141599,16.963085702808037,0.009,0.009,0.0426,0.058440858784161304,0.07026996337901466,4.129,4.129,4.321,4.320500895344478,10.546833881851573,1.423,1.423,1.4754,1.4617936901352302,3.6128335535988887,1.055,1.055,1.1522,1.1455532831084123,2.7476372443929655,0.0,0.0,0.0872,0.0860094729352206,0.10566074589511677,0.0,0.0,1.5944,1.3995846609123437,1.9055652985535196,51.82760501909438,51.82760501909437,50.704783177302076,1242.0,1242.0,1151.2,25.0,4.0,12.625,5.375,0.0,0.0,0.0,0.0,0.0,0
17,9146410.0,53.91514440433211,3.726308664259928,4.444720216606498,6.318704873646209,2.578181407942238,0.4484431407942238,0.9310694945848376,51,652.0,1312.0,680.0,10,10,71,2,0,3,36,156.0,1056.0,3,425.0,2543.0,0,1160.0,0,1,75,0,78,1,0,14.212,14.211999999999998,16.3708,16.503334392033604,38.412626600825426,1.301,1.301,1.5058,1.457122294221377,3.510326985065639,0.218,0.218,0.2793999999999999,0.3102847747127943,0.6378857218464496,6.077,6.077000000000001,6.941,6.676227724776799,16.254851421684823,0.009,0.009,0.0258,0.04745400127656991,0.051161978027408794,4.129,4.129,4.225,4.2779451408234825,10.457100329110943,1.423,1.423,1.4492,1.453172870105179,3.5907001321593333,1.055,1.055,1.1035999999999997,1.1254303313065428,2.703582346635779,0.0,0.0,0.0436,0.0668962567273938,0.06339644753707006,0.0,0.0,0.7972,1.0885658473762674,1.1433391791321117,51.82760501909438,51.82760501909437,51.26619409819823,1242.0,1242.0,1196.6,22.5,4.0,10.433333333333334,7.566666666666666,0.0,5.266666666666667,0.0,5.266666666666667,0.0,0
18,5761862.0,56.74215856095977,3.669053964023984,4.3550966022651565,5.772151898734177,2.396402398401066,0.7983011325782812,0.9338774150566289,33,440.0,741.0,410.0,2,3,54,1,0,2,21,106.0,636.0,1,228.0,2139.0,0,745.0,0,4,47,0,68,0,1,15.611,14.678333333333333,14.491800000000001,16.305037860470584,38.658575960495256,0.274,0.9586666666666667,1.0956,1.1942062288388489,2.380196191039383,0.154,0.19666666666666666,0.2051999999999999,0.2755548247766178,0.5367314331078697,6.336,6.163333333333334,6.1288,6.600621563715288,16.088910853010894,0.158,0.058666666666666666,0.0388,0.07201977877066548,0.18869718681644526,4.73,4.3293333333333335,4.249199999999999,4.378401776196042,11.004260197466566,1.36,1.402,1.4104,1.4324677878595835,3.5144200792955997,1.382,1.164,1.1203999999999998,1.1824458132384221,3.0041494079814672,0.22,0.07333333333333333,0.044,0.10091931078797295,0.25803786852224203,0.997,0.3323333333333333,0.1994,1.0682178812926524,1.6830035074792669,47.306951226359324,50.32072042151603,50.923474260547366,1228.0,1237.3333333333333,1239.2,22.5,3.5,11.919999999999998,6.08,0.0,2.1599999999999997,0.0,2.1599999999999997,0.0,0
19,5517069.0,55.843139314620835,3.7074220768038573,4.387118994317204,5.694506629929395,2.4461856380230755,0.7823316686757362,0.9326674702944722,43,454.0,718.0,406.0,7,7,68,1,0,1,11,93.0,612.0,0,234.0,1932.0,0,795.0,0,1,55,0,52,1,0,15.611,15.144666666666666,14.771600000000001,16.150807224810457,38.806145576297155,0.274,0.6163333333333333,0.8901999999999999,0.9897159557635491,1.70211771462363,0.154,0.17533333333333334,0.1923999999999999,0.248542641492925,0.47603885986472183,6.336,6.249666666666667,6.1806,6.541816771778558,15.989346511806536,0.158,0.10833333333333332,0.0686,0.09112649459940649,0.27121831208986713,4.73,4.5296666666666665,4.369400000000001,4.456534714819144,11.332556118479939,1.36,1.381,1.3978000000000002,1.4163638350018983,3.4686520475773595,1.382,1.273,1.1858,1.2267911880743283,3.18448964478888,0.22,0.14666666666666667,0.088,0.1273816861684234,0.37482272111334525,0.997,0.6646666666666666,0.3988,1.0523916854498407,2.00680210448756,47.306951226359324,48.81383582393767,50.01934350200035,1228.0,1232.6666666666667,1236.4,25.5,2.5,12.850000000000001,5.225,0.075,4.25,0.0,4.25,0.0,0
20,6055469.0,53.52856347224945,3.666602650278471,4.310159400806606,5.4876128288841945,2.5144997119262533,0.7843287881697715,0.9237564816593048,41,435.0,735.0,407.0,3,1,98,1,0,0,17,109.0,424.0,1,205.0,1587.0,0,763.0,0,2,44,0,49,1,0,15.611,15.610999999999999,15.051400000000001,16.030850063741468,38.894687345778294,0.274,0.274,0.6848,0.8306679655938716,1.295270628774178,0.154,0.154,0.17959999999999993,0.22753316560560832,0.4396233159188331,6.336,6.336000000000001,6.2324,6.496079711383324,15.929607907083922,0.158,0.158,0.0984,0.10598727357731615,0.32073098725392024,4.73,4.73,4.4896,4.517304778192667,11.529533671087965,1.36,1.36,1.3852,1.4038385383348098,3.4411912285464155,1.382,1.382,1.2511999999999999,1.261282035168922,3.292693786873328,0.22,0.22,0.132,0.14796353368655152,0.44489363266800713,0.997,0.997,0.5982000000000001,1.0400824220165428,2.201081262692536,47.306951226359324,47.306951226359324,49.11521274345334,1228.0,1228.0,1233.6,21.0,4.0,12.4,5.6,0.0,0.3,0.0,0.3,0.0,0
21,8148932.0,53.88518399755786,3.7095739807604216,4.420674912200336,5.561459764849595,2.4154832798900596,0.7541609406016185,0.9016643762406474,43,547.0,786.0,445.0,3,5,103,5,0,1,19,118.0,501.0,0,280.0,1989.0,0,1142.0,0,1,48,0,69,0,1,15.611,15.610999999999999,15.3312,15.937550049576698,38.94781240746698,0.274,0.274,0.47940000000000005,0.7069639732396779,1.051162377264507,0.154,0.154,0.1667999999999999,0.21119246213769538,0.41777398955129985,6.336,6.336000000000001,6.2842,6.460506442187029,15.893764744250353,0.158,0.158,0.1282,0.11754565722680145,0.35043859235235214,4.73,4.73,4.6098,4.564570383038741,11.647720202652778,1.36,1.36,1.3726,1.3940966409270743,3.4247147371278492,1.382,1.382,1.3166,1.2881082495758283,3.3576162721239964,0.22,0.22,0.176,0.16397163731176229,0.48693617960080426,0.997,0.997,0.7976,1.030508550457311,2.3176487576155216,47.306951226359324,47.306951226359324,48.21108198490633,1228.0,1228.0,1230.8,31.0,9.5,23.150000000000002,0.0,5.15,0.3666666666666667,0.0,0.3666666666666667,0.0,3
22,4892933.0,54.67084716981168,3.8977358490566036,4.632452830188679,5.9,2.392830188679245,0.7958490566037736,0.9332075471698114,40,397.0,658.0,343.0,3,2,126,2,0,0,10,109.0,325.0,0,243.0,1780.0,0,890.0,0,0,41,0,43,1,0,15.611,15.610999999999999,15.611,15.864983371892988,38.979687444480184,0.274,0.274,0.274,0.6107497569641939,0.9046974263587041,0.154,0.154,0.15399999999999991,0.1984830261070964,0.4046643937307799,6.336,6.336000000000001,6.336,6.432838343923244,15.872258846550212,0.158,0.158,0.158,0.1265355111764011,0.3682631554114113,4.73,4.73,4.730000000000001,4.601332520141243,11.718632121591668,1.36,1.36,1.36,1.3865196096099466,3.4148288422767097,1.382,1.382,1.3820000000000001,1.308973083003422,3.396569763274398,0.22,0.22,0.22000000000000003,0.1764223845758151,0.5121617077604825,0.997,0.997,0.9970000000000001,1.023062205911242,2.387589254569313,47.306951226359324,47.306951226359324,47.30695122635932,1228.0,1228.0,1228.0,30.0,14.0,21.433333333333334,0.0,3.4333333333333336,4.2,0.0,4.2,0.0,0
23,4929483.0,56.33679920116139,3.879448075526507,4.605664488017429,5.716775599128541,2.369462599854757,0.8070079883805374,0.9324618736383442,44,361.0,613.0,331.0,4,10,106,2,0,0,2,91.0,228.0,1,214.0,2276.0,0,862.0,0,1,35,0,64,0,0,10.709,13.976999999999999,14.630599999999998,14.7192092892501,34.09681246668811,0.416,0.3213333333333333,0.3024,0.567472033194373,0.9588184558152224,0.355,0.22099999999999997,0.1941999999999999,0.23326457586107496,0.597798636238468,6.262,6.311333333333334,6.3212,6.394874267495856,15.785355307930125,0.011,0.109,0.1286,0.10086095313720086,0.2319578932468468,1.993,3.817666666666667,4.1826,4.021703071220967,9.024179272955001,0.692,1.1373333333333333,1.2264,1.232181918585514,2.7408973053660253,0.934,1.2326666666666666,1.2924,1.2256457312248838,2.9719418579646386,0.0,0.1466666666666667,0.176,0.13721741022563397,0.3072970246562895,0.0,0.6646666666666667,0.7976,0.7957150490420771,1.4325535527415878,50.516687050376724,48.37686316769845,47.94889839116281,1194.0,1216.6666666666667,1221.2,35.0,9.0,20.7,0.5666666666666668,3.266666666666667,0.0,0.0,0.0,0.0,0
24,4992111.0,52.50447889750195,3.731696813092162,4.426141257536607,5.6832472006890615,2.541774332472007,0.7906976744186046,0.9209732988802756,42,381.0,586.0,320.0,4,12,79,2,0,0,5,69.0,250.0,0,206.0,1407.0,0,966.0,0,1,41,0,43,1,1,10.709,12.342999999999998,13.650200000000002,13.828051669416745,31.167087480012864,0.416,0.36866666666666664,0.3308,0.5338115813734012,0.9912910734891334,0.355,0.288,0.2343999999999999,0.26031689233639166,0.7136791817430808,6.262,6.286666666666666,6.306400000000001,6.365346652496777,15.733213184758075,0.011,0.06,0.09920000000000001,0.08089185244004511,0.15017473594810807,1.993,2.9053333333333335,3.6351999999999998,3.570880166505197,7.407507563773001,0.692,0.9146666666666666,1.0928,1.1121414922331776,2.336538383219615,0.934,1.0833333333333333,1.2027999999999999,1.1608355687304652,2.717165114778783,0.0,0.07333333333333333,0.13199999999999998,0.10672465239771531,0.1843782147937737,0.0,0.3323333333333333,0.5982,0.6188894825882822,0.8595321316449527,50.516687050376724,49.44677510903759,48.59084555596628,1194.0,1205.3333333333333,1214.4,33.0,8.5,21.3,0.425,3.7249999999999996,1.1,0.0,1.1,0.0,0
25,4035566.0,48.20098050797446,3.6975782634376846,4.387477849970467,5.984937979917307,2.5676314235085647,0.7752510336680449,0.903425871234495,45,322.0,473.0,248.0,2,4,54,2,0,1,8,84.0,177.0,0,184.0,841.0,0,655.0,0,0,39,0,44,0,1,10.709,10.708999999999998,12.669799999999999,13.134929076213023,29.409252488007716,0.416,0.416,0.3592,0.5076312299570899,1.01077464409348,0.355,0.355,0.2745999999999999,0.2813575829283046,0.7832075090458483,6.262,6.262,6.2916,6.342380729719716,15.701927910854845,0.011,0.011000000000000001,0.0698,0.06536032967559065,0.10110484156886483,1.993,1.993,3.0878000000000005,3.2202401295040426,6.4375045382638,0.692,0.6919999999999998,0.9592,1.0187767161813603,2.0939230299317693,0.934,0.934,1.1132,1.1104276645681397,2.5642990688672698,0.0,0.0,0.088,0.0830080629760008,0.11062692887626421,0.0,0.0,0.39879999999999993,0.48135848645755286,0.5157192789869716,50.516687050376724,50.516687050376724,49.23279272076976,1194.0,1194.0,1207.6,34.5,13.0,24.08,0.0,6.08,0.64,0.0,0.64,0.0,0
26,2708413.0,48.613527944111446,3.538423153692615,4.196107784431137,5.417664670658683,2.6207584830339323,0.8018962075848304,0.8957085828343313,25,204.0,257.0,168.0,2,4,34,1,0,0,4,23.0,92.0,0,113.0,516.0,0,401.0,0,1,20,0,16,1,0,10.709,10.708999999999998,11.689400000000001,12.595833725943463,28.354551492804628,0.416,0.416,0.3876,0.4872687344110699,1.0224647864560878,0.355,0.355,0.31479999999999986,0.29772256449979245,0.824924505427509,6.262,6.262,6.2768,6.324518345337557,15.683156746512907,0.011,0.011000000000000001,0.040400000000000005,0.05328025641434828,0.0716629049413189,1.993,1.993,2.5404000000000004,2.9475201007253666,5.85550272295828,0.692,0.6919999999999998,0.8256,0.9461596681410581,1.9483538179590614,0.934,0.934,1.0235999999999998,1.0712215168863308,2.4725794413203617,0.0,0.0,0.044,0.06456182675911173,0.06637615732575852,0.0,0.0,0.1994,0.37438993391143,0.3094315673921829,50.516687050376724,50.516687050376724,49.87473988557324,1194.0,1194.0,1200.8,34.5,13.0,24.4,0.0,6.4,1.0,0.0,1.0,0.0,0
